{
  "players": {
    "p1": {
      "byoyomi": 5,
      "game_time": 3582,
      "id": "Player One",
      "prisoners": []
    },
    "p2": {
      "byoyomi": 5,
      "game_time": 3588,
      "id": "Player Two",
      "prisoners": []
    }
  },
  "board": {
    "size": 9,
    "white": [
      {
        "col": 5,
        "row": 8,
        "cur_stones": 17
      },
      {
        "col": 6,
        "row": 7,
        "cur_stones": 15
      },
      {
        "col": 5,
        "row": 6,
        "cur_stones": 13
      },
      {
        "col": 5,
        "row": 5,
        "cur_stones": 11
      },
      {
        "col": 4,
        "row": 4,
        "cur_stones": 9
      },
      {
        "col": 5,
        "row": 3,
        "cur_stones": 7
      },
      {
        "col": 5,
        "row": 2,
        "cur_stones": 5
      },
      {
        "col": 6,
        "row": 1,
        "cur_stones": 3
      },
      {
        "col": 5,
        "row": 0,
        "cur_stones": 1
      }
    ],
    "black": [
      {
        "col": 4,
        "row": 8,
        "cur_stones": 16
      },
      {
        "col": 5,
        "row": 7,
        "cur_stones": 14
      },
      {
        "col": 4,
        "row": 6,
        "cur_stones": 12
      },
      {
        "col": 4,
        "row": 5,
        "cur_stones": 10
      },
      {
        "col": 3,
        "row": 4,
        "cur_stones": 8
      },
      {
        "col": 4,
        "row": 3,
        "cur_stones": 6
      },
      {
        "col": 4,
        "row": 2,
        "cur_stones": 4
      },
      {
        "col": 5,
        "row": 1,
        "cur_stones": 2
      },
      {
        "col": 4,
        "row": 0,
        "cur_stones": 0
      }
    ]
  },
  "config": {
    "byoyomi_period": 60,
    "komi": 6.500000,
    "turn": "b"
  }
}